insert into tipos_empresa_teste values ('Hotel');
insert into tipos_empresa_teste values ('Restaurante');
insert into tipos_empresa_teste values ('Parque aquático');
insert into tipos_empresa_teste values ('Pousada');
insert into tipos_empresa_teste values ('Salão de festas');

insert into empresa_teste values ('Casagrande Olímpia Hotel', 'XBdajKIO', 'Hotel');
insert into empresa_teste values ('Pousada Jardim Botânico', 'BJInfsjdn123', 'Pousada');
insert into empresa_teste values ('Pousada Vivenda', 'sfd743LK', 'Pousada');
insert into empresa_teste values ('Thermas dos Laranjais', '32498FDI9243', 'Parque aquático');
insert into empresa_teste values ('Hot Beach Olímpia', 'kljjgdfUJBH', 'Parque aquático');

insert into reservas_mes values ('Casagrande Olímpia Hotel', 'JAN', 340);
insert into reservas_mes values ('Casagrande Olímpia Hotel', 'FEV', 300);
insert into reservas_mes values ('Casagrande Olímpia Hotel', 'MAR', 120);
insert into reservas_mes values ('Casagrande Olímpia Hotel', 'ABR', 80);
insert into reservas_mes values ('Casagrande Olímpia Hotel', 'MAI', 140);
insert into reservas_mes values ('Casagrande Olímpia Hotel', 'JUN', 200);

insert into reservas_mes values ('Pousada Jardim Botânico', 'JAN', 300);
insert into reservas_mes values ('Pousada Jardim Botânico', 'FEV', 260);
insert into reservas_mes values ('Pousada Jardim Botânico', 'MAR', 60);
insert into reservas_mes values ('Pousada Jardim Botânico', 'ABR', 70);
insert into reservas_mes values ('Pousada Jardim Botânico', 'MAI', 100);
insert into reservas_mes values ('Pousada Jardim Botânico', 'JUN', 160);

insert into reservas_mes values ('Thermas dos Laranjais', 'JAN', 780);
insert into reservas_mes values ('Thermas dos Laranjais', 'FEV', 640);
insert into reservas_mes values ('Thermas dos Laranjais', 'MAR', 200);
insert into reservas_mes values ('Thermas dos Laranjais', 'ABR', 180);
insert into reservas_mes values ('Thermas dos Laranjais', 'MAI', 100);
insert into reservas_mes values ('Thermas dos Laranjais', 'JUN', 130);

select * from reservas_mes;