insert into tipos_empresa_teste values ('Hotel');
insert into tipos_empresa_teste values ('Restaurante');
insert into tipos_empresa_teste values ('Parque aquático');
insert into tipos_empresa_teste values ('Pousada');
insert into tipos_empresa_teste values ('Salão de festas');

insert into empresa_teste values ('Casagrande Olímpia Hotel', 'XBdajKIO', 'Hotel');
insert into empresa_teste values ('Pousada Jardim Botânico', 'BJInfsjdn123', 'Pousada');
insert into empresa_teste values ('Pousada Vivenda', 'sfd743LK', 'Pousada');
insert into empresa_teste values ('Thermas dos Laranjais', '32498FDI9243', 'Parque aquático');
insert into empresa_teste values ('Hot Beach Olímpia', 'kljjgdfUJBH', 'Parque aquático');

insert into reservas_teste values ('Casagrande Olímpia Hotel', '2024-01-30', 385);
insert into reservas_teste values ('Casagrande Olímpia Hotel', '2024-02-28', 267);
insert into reservas_teste values ('Casagrande Olímpia Hotel', '2024-03-30', 154);
insert into reservas_teste values ('Casagrande Olímpia Hotel', '2024-04-30', 42);
insert into reservas_teste values ('Casagrande Olímpia Hotel', '2024-05-30', 181);
insert into reservas_teste values ('Casagrande Olímpia Hotel', '2024-06-30', 167);
insert into reservas_teste values ('Casagrande Olímpia Hotel', '2025-01-30', 340);
insert into reservas_teste values ('Casagrande Olímpia Hotel', '2025-02-28', 300);
insert into reservas_teste values ('Casagrande Olímpia Hotel', '2025-03-30', 120);
insert into reservas_teste values ('Casagrande Olímpia Hotel', '2025-04-30', 80);
insert into reservas_teste values ('Casagrande Olímpia Hotel', '2025-05-30', 140);
insert into reservas_teste values ('Casagrande Olímpia Hotel', '2025-06-30', 200);

insert into reservas_teste values ('Pousada Jardim Botânico', '2024-01-30', 334);
insert into reservas_teste values ('Pousada Jardim Botânico', '2024-02-28', 228);
insert into reservas_teste values ('Pousada Jardim Botânico', '2024-03-30', 94);
insert into reservas_teste values ('Pousada Jardim Botânico', '2024-04-30', 31);
insert into reservas_teste values ('Pousada Jardim Botânico', '2024-05-30', 142);
insert into reservas_teste values ('Pousada Jardim Botânico', '2024-06-30', 127);
insert into reservas_teste values ('Pousada Jardim Botânico', '2025-01-30', 300);
insert into reservas_teste values ('Pousada Jardim Botânico', '2025-02-28', 260);
insert into reservas_teste values ('Pousada Jardim Botânico', '2025-03-30', 60);
insert into reservas_teste values ('Pousada Jardim Botânico', '2025-04-30', 70);
insert into reservas_teste values ('Pousada Jardim Botânico', '2025-05-30', 100);
insert into reservas_teste values ('Pousada Jardim Botânico', '2025-06-30', 160);

insert into reservas_teste values ('Thermas dos Laranjais', '2024-01-30', 742);
insert into reservas_teste values ('Thermas dos Laranjais', '2024-02-28', 683);
insert into reservas_teste values ('Thermas dos Laranjais', '2024-03-30', 162);
insert into reservas_teste values ('Thermas dos Laranjais', '2024-04-30', 223);
insert into reservas_teste values ('Thermas dos Laranjais', '2024-05-30', 58);
insert into reservas_teste values ('Thermas dos Laranjais', '2024-06-30', 171);
insert into reservas_teste values ('Thermas dos Laranjais', '2025-01-30', 780);
insert into reservas_teste values ('Thermas dos Laranjais', '2025-02-28', 640);
insert into reservas_teste values ('Thermas dos Laranjais', '2025-03-30', 200);
insert into reservas_teste values ('Thermas dos Laranjais', '2025-04-30', 180);
insert into reservas_teste values ('Thermas dos Laranjais', '2025-05-30', 100);
insert into reservas_teste values ('Thermas dos Laranjais', '2025-06-30', 130);

insert into reservas_teste values ('Hot Beach Olímpia', '2024-01-30', 649);
insert into reservas_teste values ('Hot Beach Olímpia', '2024-02-28', 528);
insert into reservas_teste values ('Hot Beach Olímpia', '2024-03-30', 388);
insert into reservas_teste values ('Hot Beach Olímpia', '2024-04-30', 176);
insert into reservas_teste values ('Hot Beach Olímpia', '2024-05-30', 183);
insert into reservas_teste values ('Hot Beach Olímpia', '2024-06-30', 141);
insert into reservas_teste values ('Hot Beach Olímpia', '2025-01-30', 610);
insert into reservas_teste values ('Hot Beach Olímpia', '2025-02-28', 570);
insert into reservas_teste values ('Hot Beach Olímpia', '2025-03-30', 340);
insert into reservas_teste values ('Hot Beach Olímpia', '2025-04-30', 220);
insert into reservas_teste values ('Hot Beach Olímpia', '2025-05-30', 140);
insert into reservas_teste values ('Hot Beach Olímpia', '2025-06-30', 180);